username,password
Oliver_Johnson,pass
Sophia_Smith,pass
Jackson_Miller,pass
Emma_Davis,pass
Aiden_Taylor,pass
Olivia_Harris,pass
Liam_Brown,pass
Ava_Wilson,pass
Lucas_Martin,pass
Mia_Rodriguez,pass
Logan_Anderson,pass
Isabella_Thompson,pass
Carter_Walker,pass
Sophie_Turner,pass
Owen_White,pass
Ella_Scott,pass
Landon_Thomas,pass
Grace_Lewis,pass
Mason_Harris,pass
Lily_Moore,pass
Elijah_Young,pass
Chloe_Hall,pass
William_Wright,pass
Avery_Mitchell,pass
Benjamin_Green,pass
Harper_Baker,pass
Alexander_King,pass
Aria_Taylor,pass
Daniel_Martinez,pass
Avery_Robinson,pass
